<annotation>
  <folder>input</folder>
  <filename>robot_ball_196.xml</filename>
  <path>/Users/administrador/PycharmProjects/OpenLabeling/OpenLabeling/main/input/r2-1800.jpg</path>
  <source>
    <database>Unknown</database>
  </source>
  <size>
    <width>640</width>
    <height>480</height>
    <depth>3</depth>
  </size>
  <segmented>0</segmented>
  <object>
    <name>Ball</name>
    <pose>Unspecified</pose>
    <truncated>0</truncated>
    <difficult>0</difficult>
    <bndbox>
      <xmin>226</xmin>
      <ymin>172</ymin>
      <xmax>259</xmax>
      <ymax>215</ymax>
    </bndbox>
  </object>
  <object>
    <name>Robot</name>
    <pose>Unspecified</pose>
    <truncated>0</truncated>
    <difficult>0</difficult>
    <bndbox>
      <xmin>162</xmin>
      <ymin>241</ymin>
      <xmax>261</xmax>
      <ymax>365</ymax>
    </bndbox>
  </object>
</annotation>