<annotation>
  <folder>input</folder>
  <filename>robot_ball_134.xml</filename>
  <path>/Users/administrador/PycharmProjects/OpenLabeling/OpenLabeling/main/input/r1-210.jpg</path>
  <source>
    <database>Unknown</database>
  </source>
  <size>
    <width>640</width>
    <height>480</height>
    <depth>3</depth>
  </size>
  <segmented>0</segmented>
  <object>
    <name>Ball</name>
    <pose>Unspecified</pose>
    <truncated>0</truncated>
    <difficult>0</difficult>
    <bndbox>
      <xmin>312</xmin>
      <ymin>187</ymin>
      <xmax>344</xmax>
      <ymax>222</ymax>
    </bndbox>
  </object>
  <object>
    <name>Robot</name>
    <pose>Unspecified</pose>
    <truncated>0</truncated>
    <difficult>0</difficult>
    <bndbox>
      <xmin>376</xmin>
      <ymin>324</ymin>
      <xmax>472</xmax>
      <ymax>479</ymax>
    </bndbox>
  </object>
</annotation>