<annotation>
  <folder>input</folder>
  <filename>robot_ball_221.xml</filename>
  <path>/Users/administrador/PycharmProjects/OpenLabeling/OpenLabeling/main/input/r2-2490.jpg</path>
  <source>
    <database>Unknown</database>
  </source>
  <size>
    <width>640</width>
    <height>480</height>
    <depth>3</depth>
  </size>
  <segmented>0</segmented>
  <object>
    <name>Ball</name>
    <pose>Unspecified</pose>
    <truncated>0</truncated>
    <difficult>0</difficult>
    <bndbox>
      <xmin>349</xmin>
      <ymin>283</ymin>
      <xmax>402</xmax>
      <ymax>356</ymax>
    </bndbox>
  </object>
  <object>
    <name>Robot</name>
    <pose>Unspecified</pose>
    <truncated>0</truncated>
    <difficult>0</difficult>
    <bndbox>
      <xmin>213</xmin>
      <ymin>13</ymin>
      <xmax>379</xmax>
      <ymax>220</ymax>
    </bndbox>
  </object>
</annotation>