<annotation>
  <folder>input</folder>
  <filename>robot_ball_246.xml</filename>
  <path>/Users/administrador/PycharmProjects/OpenLabeling/OpenLabeling/main/input/r2-3150.jpg</path>
  <source>
    <database>Unknown</database>
  </source>
  <size>
    <width>640</width>
    <height>480</height>
    <depth>3</depth>
  </size>
  <segmented>0</segmented>
  <object>
    <name>Ball</name>
    <pose>Unspecified</pose>
    <truncated>0</truncated>
    <difficult>0</difficult>
    <bndbox>
      <xmin>235</xmin>
      <ymin>96</ymin>
      <xmax>278</xmax>
      <ymax>148</ymax>
    </bndbox>
  </object>
  <object>
    <name>Robot</name>
    <pose>Unspecified</pose>
    <truncated>0</truncated>
    <difficult>0</difficult>
    <bndbox>
      <xmin>221</xmin>
      <ymin>120</ymin>
      <xmax>374</xmax>
      <ymax>306</ymax>
    </bndbox>
  </object>
</annotation>