<annotation>
  <folder>input</folder>
  <filename>robot_ball_141.xml</filename>
  <path>/Users/administrador/PycharmProjects/OpenLabeling/OpenLabeling/main/input/r1-300.jpg</path>
  <source>
    <database>Unknown</database>
  </source>
  <size>
    <width>640</width>
    <height>480</height>
    <depth>3</depth>
  </size>
  <segmented>0</segmented>
  <object>
    <name>Ball</name>
    <pose>Unspecified</pose>
    <truncated>0</truncated>
    <difficult>0</difficult>
    <bndbox>
      <xmin>326</xmin>
      <ymin>116</ymin>
      <xmax>357</xmax>
      <ymax>148</ymax>
    </bndbox>
  </object>
  <object>
    <name>Robot</name>
    <pose>Unspecified</pose>
    <truncated>0</truncated>
    <difficult>0</difficult>
    <bndbox>
      <xmin>421</xmin>
      <ymin>248</ymin>
      <xmax>538</xmax>
      <ymax>414</ymax>
    </bndbox>
  </object>
</annotation>