<annotation>
  <folder>input</folder>
  <filename>robot_ball_150.xml</filename>
  <path>/Users/administrador/PycharmProjects/OpenLabeling/OpenLabeling/main/input/r1-570.jpg</path>
  <source>
    <database>Unknown</database>
  </source>
  <size>
    <width>640</width>
    <height>480</height>
    <depth>3</depth>
  </size>
  <segmented>0</segmented>
  <object>
    <name>Ball</name>
    <pose>Unspecified</pose>
    <truncated>0</truncated>
    <difficult>0</difficult>
    <bndbox>
      <xmin>424</xmin>
      <ymin>154</ymin>
      <xmax>453</xmax>
      <ymax>193</ymax>
    </bndbox>
  </object>
  <object>
    <name>Robot</name>
    <pose>Unspecified</pose>
    <truncated>0</truncated>
    <difficult>0</difficult>
    <bndbox>
      <xmin>403</xmin>
      <ymin>284</ymin>
      <xmax>518</xmax>
      <ymax>455</ymax>
    </bndbox>
  </object>
</annotation>