<annotation>
  <folder>input</folder>
  <filename>robot_ball_284.xml</filename>
  <path>/Users/administrador/PycharmProjects/OpenLabeling/OpenLabeling/main/input/r2-420.jpg</path>
  <source>
    <database>Unknown</database>
  </source>
  <size>
    <width>640</width>
    <height>480</height>
    <depth>3</depth>
  </size>
  <segmented>0</segmented>
  <object>
    <name>Ball</name>
    <pose>Unspecified</pose>
    <truncated>0</truncated>
    <difficult>0</difficult>
    <bndbox>
      <xmin>304</xmin>
      <ymin>128</ymin>
      <xmax>336</xmax>
      <ymax>170</ymax>
    </bndbox>
  </object>
  <object>
    <name>Robot</name>
    <pose>Unspecified</pose>
    <truncated>0</truncated>
    <difficult>0</difficult>
    <bndbox>
      <xmin>282</xmin>
      <ymin>306</ymin>
      <xmax>382</xmax>
      <ymax>478</ymax>
    </bndbox>
  </object>
</annotation>