<annotation>
  <folder>input</folder>
  <filename>robot_ball_149.xml</filename>
  <path>/Users/administrador/PycharmProjects/OpenLabeling/OpenLabeling/main/input/r1-540.jpg</path>
  <source>
    <database>Unknown</database>
  </source>
  <size>
    <width>640</width>
    <height>480</height>
    <depth>3</depth>
  </size>
  <segmented>0</segmented>
  <object>
    <name>Ball</name>
    <pose>Unspecified</pose>
    <truncated>0</truncated>
    <difficult>0</difficult>
    <bndbox>
      <xmin>374</xmin>
      <ymin>127</ymin>
      <xmax>411</xmax>
      <ymax>173</ymax>
    </bndbox>
  </object>
  <object>
    <name>Robot</name>
    <pose>Unspecified</pose>
    <truncated>0</truncated>
    <difficult>0</difficult>
    <bndbox>
      <xmin>338</xmin>
      <ymin>161</ymin>
      <xmax>448</xmax>
      <ymax>335</ymax>
    </bndbox>
  </object>
</annotation>